42003416820000,CLFK,6514.21
42003416820000,CLFKM,6742.36
42003416820000,CLFKL,7064.26
42003416820000,LNRD,7632.1
42003416820000,SPRB,8368.73
42003416820000,SPRBM,8698.53
42003416820000,SPRBL,8930.31
42003416820000,JMLL,9169.46
42003416820000,SPRBS,9198.71
42003416820000,DEAN,9579.54
42003416820000,WFMP,9747.14
42003416820000,WFMPB,10068.9
42003416820000,WFMPC,10199.9
42003416820000,WFMPD,10530.3
42003416820000,CNYN,10835.4
42003416820000,STRN,11091.3
42003417040000,CLFK,6547.3
42003417040000,CLFKM,6968.4
42003417040000,CLFKL,7706.13
42003417040000,LNRD,8120.16
42003417040000,SPRB,8357.35
42003417040000,SPRBM,8666.38
42003417040000,SPRBL,8895.35
42003417040000,JMLL,9193.36
42003417040000,SPRBS,9223.64
42003417040000,DEAN,9570.75
42003417040000,WFMP,9746.65
42003417040000,WFMPB,9981.69
42003417040000,WFMPC,10138.9
42003417040000,WFMPD,10475.1
42003417040000,CNYN,10780.1
42003417040000,STRN,10979.8
42003422920000,CLFK,6801.4
42003422920000,CLFKM,7285.68
42003422920000,CLFKL,7660.53
42003422920000,LNRD,8143.22
42003422920000,SPRB,8638.36
42003422920000,SPRBM,8876.71
42003422920000,SPRBL,9124.94
42003422920000,JMLL,9362.53
42003422920000,SPRBS,9389.23
42003422920000,DEAN,9717.84
42003422920000,WFMP,9883.22
42003422920000,WFMPB,10103.6
42003422920000,WFMPC,10251.6
42003422920000,WFMPD,10592.1
42003422920000,CNYN,10884.5
42003422920000,STRN,11087.5
42003422920000,STRNB,11276.7
42003450810000,CLFKL,7975.54
42003450810000,LNRD,8185.89
42003450810000,SPRB,8403.26
42003450810000,SPRBM,8639.54
42003450810000,SPRBL,8896.7
42003450810000,JMLL,9145.84
42003450810000,SPRBS,9171.5
42003450810000,DEAN,9534.69
42003450810000,WFMP,9660.25
42003450810000,WFMPB,9860.07
42003450810000,WFMPC,9995.09
42003450810000,WFMPD,10450.1
42003450810000,CNYN,10656.7
42003450810000,STRN,10862.2
42003466800000,CLFK,6889.61
42003466800000,CLFKM,7285.44
42003466800000,LNRD,8270.86
42003466800000,SPRB,8470.86
42003466800000,SPRBM,8775.03
42003466800000,SPRBL,9002.12
42003466800000,JMLL,9293.78
42003466800000,SPRBS,9318.78
42003466800000,DEAN,9710.61
42003466800000,WFMP,9864.35
42003466800000,WFMPB,10089.7
42003466800000,WFMPC,10252.9
42003466800000,WFMPD,10637.2
42003466800000,CNYN,10863.8
42003466800000,STRN,11137.5
42033321620000,WFMP,7386.06
42033321620000,WFMPB,7592.59
42033321650000,DEAN,7133.27
42033321650000,WFMP,7285.23
42033321650000,WFMPB,7393.92
42033322170000,SPRB,5194.26
42033322170000,SPRBM,5571.38
42033322170000,SPRBL,5963.08
42033322170000,JMLL,6217.27
42033322170000,SPRBS,6256.86
42033322170000,DEAN,6973.6
42033322170000,WFMP,7110.34
42033322170000,WFMPB,7171.53
42033322170000,WFMPC,7348.63
42033322170000,WFMPD,7610.58
42033322170000,CNYN,7756.89
42033322170000,STRN,7991.41
42105413110000,LNRD,5106.1
42105413110000,SPRB,5424.84
42105413110000,SPRBM,5680.97
42105413110000,SPRBL,5934.64
42105413110000,JMLL,6256.7
42105413110000,SPRBS,6276.09
42105413110000,DEAN,6657.13
42105413110000,WFMP,6743.49
42105413110000,WFMPB,7085.5
42105413110000,WFMPC,7480.21
42105413530000,DEAN,5958.31
42105413530000,WFMP,6079.02
42105413530000,WFMPB,6412.42
42105413530000,WFMPC,7047.05
42105414130000,SPRB,5038.54
42105414130000,SPRBM,5269.47
42105414130000,SPRBL,5500.74
42105414130000,JMLL,5755.66
42105414130000,SPRBS,5775.2
42105414130000,DEAN,6251.18
42105414130000,WFMP,6348.42
42105414130000,WFMPB,6665.12
42105414130000,WFMPC,7292.99
42105414150000,LNRD,5743.86
42105414150000,SPRB,5929.96
42105414150000,SPRBM,6127.21
42105414150000,SPRBL,6360.83
42105414150000,JMLL,6696.91
42105414150000,SPRBS,6712.28
42105414150000,DEAN,7075.76
42105414150000,WFMP,7159.58
42105414150000,WFMPB,7512.53
42105414150000,WFMPC,7788.57
42105414250000,LNRD,4384.96
42105414250000,SPRB,4905.87
42105414250000,SPRBM,5141.32
42105414250000,SPRBL,5368.43
42105414250000,JMLL,5629.2
42105414250000,SPRBS,5650.41
42105414250000,DEAN,6114.36
42105414250000,WFMP,6208.22
42105414250000,WFMPB,6521.37
42105414250000,WFMPC,7171.49
42105414250000,WFMPD,8529.32
42105414250000,CNYN,8743.45
42105414250000,STRN,8806.81
42115334740000,CLFK,5984.8
42115334740000,CLFKM,6342.98
42115334740000,CLFKL,6889.55
42115334740000,LNRD,7578.02
42115334740000,SPRB,8089.7
42115334740000,SPRBM,8415.37
42115334740000,SPRBL,8629.42
42115334740000,JMLL,8908.57
42115334740000,SPRBS,8931.83
42115334740000,DEAN,9373.96
42115334740000,WFMP,9509.02
42115334740000,WFMPB,9769.83
42115334740000,WFMPC,9977.13
42115334740000,WFMPD,10368.1
42115334740000,CNYN,10589.2
42115334740000,STRN,10828.8
42135406580000,LNRD,7733.97
42135406580000,SPRB,7957.71
42135406580000,SPRBM,8250.21
42135406580000,SPRBL,8565.21
42135406580000,JMLL,8747.71
42135406580000,SPRBS,8762.71
42135406580000,DEAN,9065.21
42135406580000,WFMP,9161.46
42135406580000,WFMPB,9521.55
42135406580000,WFMPC,9697.71
42135411380000,CLFK,7268.37
42135411380000,CLFKM,7379.14
42135411380000,CLFKL,7688.32
42135411380000,LNRD,7946.24
42135411380000,SPRB,8161.18
42135411380000,SPRBM,8390.63
42135411380000,SPRBL,8653.88
42135411380000,JMLL,8896.51
42135411380000,SPRBS,8939.54
42135411380000,DEAN,9235.44
42135411380000,WFMP,9305.96
42135411380000,WFMPB,9517.5
42135411380000,WFMPC,9722.64
42135411380000,WFMPD,10001.4
42135411380000,CNYN,10168.4
42135411380000,STRN,10395.4
42135411380000,ATOK,10801.6
42135411380000,PSLV,11044.9
42135422860000,CLFK,7332.05
42135422860000,CLFKM,7448.72
42135422860000,LNRD,7943.17
42135422860000,SPRB,8147.34
42135422860000,SPRBM,8325.12
42135422860000,SPRBL,8589.01
42135422860000,JMLL,8826.51
42135422860000,SPRBS,8837.63
42135422860000,DEAN,9084.85
42135422860000,WFMP,9161.24
42135422860000,WFMPB,9465.41
42135422860000,WFMPC,9657.08
42135422860000,WFMPD,9986.25
42135422860000,CNYN,10057.1
42135422860000,STRN,10352.6
42165373960000,DEAN,9630.85
42165373960000,WFMP,9815
42165373960000,WFMPB,9938.52
42165373960000,WFMPC,10104
42165373960000,WFMPD,10412.7
42173333870000,LNRD,4810.63
42173333870000,SPRB,5140.68
42173333870000,SPRBM,5354.4
42173333870000,SPRBL,5687.23
42173333870000,JMLL,6027.87
42173333870000,SPRBS,6088.81
42173333870000,DEAN,6627.9
42173333870000,WFMP,6710.14
42173333870000,WFMPB,6863.85
42173333870000,WFMPC,7390.83
42173333870000,WFMPD,8651.43
42173333870000,CNYN,8869.52
42173333870000,STRN,9172.57
42173338250000,SPRB,5440.13
42173338250000,SPRBM,5674.1
42173338250000,SPRBL,5917.26
42173338250000,JMLL,6239.68
42173338250000,SPRBS,6273.38
42173338250000,DEAN,6882.83
42173338250000,WFMP,7023.48
42173338250000,WFMPB,7300.13
42173338250000,WFMPC,7650.17
42173338250000,WFMPD,8819.65
42173338250000,CNYN,9023.84
42173338250000,STRN,9304.68
42173342090000,WFMPD,8972.59
42173342090000,CNYN,9191.35
42173342090000,STRN,9493.46
42173342700000,SPRB,4910.67
42173342700000,SPRBM,5146.53
42173342700000,SPRBL,5430.64
42173342700000,JMLL,5822.09
42173342700000,SPRBS,5873.48
42173342700000,DEAN,6355.12
42173342700000,WFMP,6422.92
42173342700000,WFMPB,6501.61
42173342700000,WFMPC,7042.93
42173342700000,WFMPD,8623.75
42173342700000,CNYN,8840.15
42173342700000,STRN,9122
42173343690000,WFMPD,8963.28
42173343690000,CNYN,9166.36
42173344920000,DEAN,6261.52
42173344920000,WFMP,6297.71
42173344920000,WFMPB,6349.2
42173344920000,WFMPC,6664.19
42173344920000,WFMPD,8798.94
42173344920000,CNYN,9005.69
42173344920000,STRN,9269.47
42173351750000,SPRB,5992.59
42173351750000,SPRBM,6236.9
42173351750000,SPRBL,6500.54
42173351750000,JMLL,6825.07
42173351750000,SPRBS,6860.07
42173351750000,DEAN,7438.16
42173351750000,WFMP,7608.35
42173351750000,WFMPB,7867.85
42173351750000,WFMPC,8164.71
42173351750000,WFMPD,9156.13
42173351750000,CNYN,9344.61
42173363130000,SPRB,5830.33
42173363130000,SPRBM,6068.85
42173363130000,SPRBL,6328.48
42173363130000,JMLL,6662.47
42173363130000,SPRBS,6698.05
42173363130000,DEAN,7276.06
42173363130000,WFMP,7435.72
42173363130000,WFMPB,7662.49
42173363130000,WFMPC,7884.24
42173363130000,WFMPD,9034.56
42173363130000,CNYN,9229.87
42173363130000,STRN,9523.2
42173364960000,WFMP,8233.66
42173364960000,WFMPB,8463.83
42173365010000,LNRD,6625.62
42173365010000,SPRB,6900.27
42173365010000,SPRBM,7156.61
42173365010000,SPRBL,7467.89
42173365010000,JMLL,7750.99
42173365010000,SPRBS,7794.65
42173365010000,DEAN,8280.47
42173365010000,WFMP,8462.27
42173365010000,WFMPB,8735.52
42173365010000,WFMPC,9215.4
42173365010000,WFMPD,9990.47
42173365010000,CNYN,10136.1
42173365010000,STRN,10362
42227373060000,CLFK,4409.2
42227373060000,CLFKM,4985.41
42227373060000,LNRD,6102.77
42227373060000,SPRB,6376.77
42227373060000,SPRBM,6640.75
42227373060000,SPRBL,6868.57
42227373060000,JMLL,7222.88
42227373060000,SPRBS,7272.67
42227373060000,DEAN,7634.73
42227373060000,WFMP,7740.29
42227373060000,WFMPB,7977.03
42227373060000,WFMPC,8190.04
42227373060000,WFMPD,8906.45
42227373060000,CNYN,9164.22
42227374400000,LNRD,6467.19
42227374400000,SPRB,6761.64
42227374400000,SPRBM,7046.27
42227374400000,SPRBL,7273.19
42227374400000,JMLL,7605
42227374400000,SPRBS,7658.33
42227374400000,DEAN,8073.22
42227374400000,WFMP,8278.99
42227374400000,WFMPB,8435.94
42227374400000,WFMPC,8649.59
42227374400000,WFMPD,9053.93
42227374400000,CNYN,9229.49
42227374400000,STRN,9909.51
42227383460000,CLFK,4689.97
42227383460000,CLFKM,5168.2
42227383460000,CLFKL,5784.91
42227383460000,LNRD,6343.12
42227383460000,SPRB,6610.13
42227383460000,SPRBM,6880.7
42227383460000,SPRBL,7105.51
42227383460000,JMLL,7422.36
42227383460000,SPRBS,7487.1
42227383460000,DEAN,7886.97
42227383460000,WFMP,8006.67
42227383460000,WFMPB,8232.83
42227383460000,WFMPC,8477.78
42227383460000,WFMPD,9012.04
42227383460000,CNYN,9284.26
42227384960000,WFMPD,8444.94
42227384960000,CNYN,8705.49
42235345390000,LNRD,4207
42235345390000,SPRB,4805.11
42235345390000,SPRBM,5025.96
42235345390000,SPRBL,5348.93
42235345390000,JMLL,5713.59
42235345390000,SPRBS,5738.59
42235345390000,DEAN,6217.82
42235345390000,WFMP,6328.25
42235345390000,WFMPB,6588.56
42235345390000,WFMPC,7040.88
42235345390000,WFMPD,7768.32
42235345390000,CNYN,8381.3
42235345390000,STRN,8691.47
42235346050000,LNRD,4360.17
42235346050000,SPRB,4893.93
42235346050000,SPRBM,5128.94
42235346050000,SPRBL,5455.62
42235346050000,JMLL,5832.3
42235346050000,SPRBS,5862.3
42235346050000,DEAN,6281.48
42235346050000,WFMP,6427.32
42235346050000,WFMPB,6714
42235346050000,WFMPC,7190.68
42235346050000,WFMPD,7938.65
42235346050000,CNYN,8489.06
42235346050000,STRN,8788.61
42235347100000,DEAN,5645.04
42235347100000,WFMP,5762.56
42235347100000,WFMPB,6097.03
42235348400000,LNRD,4379.25
42235348400000,SPRB,4934.74
42235348400000,SPRBM,5192.78
42235348400000,SPRBL,5497.81
42235348400000,JMLL,5855.14
42235348400000,SPRBS,5886.81
42235348400000,DEAN,6329.76
42235348400000,WFMP,6475.61
42235348400000,WFMPB,6793.56
42235348400000,WFMPC,7208.96
42235348400000,WFMPD,8007.01
42235348400000,CNYN,8534.94
42235348890000,SPRBM,5090.79
42235348890000,SPRBL,5401.04
42235348890000,JMLL,5790.91
42235348890000,SPRBS,5823.4
42235348890000,DEAN,6238.59
42235348890000,WFMP,6382.05
42235348890000,WFMPB,6658.24
42235349580000,LNRD,4347.81
42235349580000,SPRB,4787.31
42235349580000,SPRBM,5030.48
42235349580000,SPRBL,5348.29
42235349580000,JMLL,5693.14
42235349580000,SPRBS,5714.57
42235349580000,DEAN,6148.85
42235349580000,WFMP,6261.54
42235349580000,WFMPB,6567.3
42235349580000,WFMPC,6973.66
42235349580000,WFMPD,8070.1
42235349580000,CNYN,8526.7
42235349580000,STRN,8948.38
42235359630000,LNRD,4219.19
42235359630000,SPRB,4621.66
42235359630000,SPRBM,4885.01
42235359630000,SPRBL,5201.71
42235359630000,JMLL,5615.08
42235359630000,SPRBS,5648.41
42235359630000,DEAN,6069.28
42235359630000,WFMP,6171.38
42235359630000,WFMPB,6441.82
42235359630000,WFMPC,6805.18
42235359630000,WFMPD,7708.89
42235359630000,CNYN,8210.31
42235359630000,STRN,8531.83
42235359910000,LNRD,4130.99
42235359910000,SPRB,4471.37
42235359910000,SPRBM,4731.86
42235359910000,SPRBL,5029.56
42235359910000,JMLL,5415.65
42235359910000,SPRBS,5442.39
42235359910000,DEAN,5905.23
42235359910000,WFMP,5991.28
42235359910000,WFMPB,6168.04
42235359910000,WFMPC,6615.76
42235359910000,WFMPD,7543.77
42235359910000,CNYN,8056.62
42235359910000,STRN,8380.7
42317371400000,CLFK,6143.89
42317371400000,CLFKM,6669.61
42317371400000,CLFKL,7304.09
42317371400000,LNRD,7785.32
42317371400000,SPRB,8107
42317371400000,SPRBM,8426.89
42317371400000,SPRBL,8663.24
42317371400000,JMLL,8979.51
42317371400000,SPRBS,9019.46
42317371400000,DEAN,9398.85
42317371400000,WFMP,9563.68
42317371400000,WFMPB,9843.15
42317371400000,WFMPC,10055.7
42317371400000,WFMPD,10372.5
42317371400000,CNYN,10652.9
42317371400000,STRN,10967.8
42317371930000,CLFK,5866.88
42317371930000,CLFKM,6454.77
42317371930000,CLFKL,6790.21
42317371930000,LNRD,7364.45
42317371930000,SPRB,7669.67
42317371930000,SPRBM,7962.99
42317371930000,SPRBL,8199.96
42317371930000,JMLL,8517.92
42317371930000,SPRBS,8559.54
42317371930000,DEAN,9039.15
42317371930000,WFMP,9185.81
42317371930000,WFMPB,9364.18
42317371930000,WFMPC,9638.64
42317371930000,WFMPD,10053.5
42317371930000,CNYN,10290.3
42317371930000,STRN,10637.3
42317371930000,ATOK,10817.3
42317374890000,CLFK,5751.08
42317374890000,CLFKM,6078.72
42317374890000,CLFKL,6498.6
42317374890000,LNRD,6894.89
42317374890000,SPRB,7129.35
42317374890000,SPRBM,7400.17
42317374890000,SPRBL,7631.76
42317374890000,JMLL,7946.44
42317374890000,SPRBS,8007.33
42317374890000,DEAN,8440.22
42317374890000,WFMP,8659.78
42317374890000,WFMPB,8855.12
42317374890000,WFMPC,9096.47
42317374890000,WFMPD,9629.97
42317374890000,CNYN,9879.62
42317374890000,STRN,10224.1
42317376400000,CLFK,6388.13
42317376400000,CLFKM,6840.86
42317376400000,CLFKL,7533.28
42317376400000,LNRD,7959.39
42317376400000,SPRB,8214.54
42317376400000,SPRBM,8525.27
42317376400000,SPRBL,8758.58
42317376400000,JMLL,9083.61
42317376400000,SPRBS,9113.8
42317376400000,DEAN,9473.98
42317376400000,WFMP,9635.45
42317376400000,WFMPB,9927.47
42317376400000,WFMPC,10090
42317376400000,WFMPD,10427.9
42317376400000,CNYN,10723.5
42317376400000,STRN,10949.5
42317376400000,STRNB,11116.1
42317376400000,ATOK,11181.6
42317377910000,LNRD,7599.78
42317377910000,SPRB,7819.07
42317377910000,SPRBM,8097.43
42317377910000,SPRBL,8332.42
42317377910000,JMLL,8634.89
42317377910000,SPRBS,8685.51
42317377910000,DEAN,9142.71
42317377910000,WFMP,9403.98
42317377910000,WFMPB,9593.04
42317377910000,WFMPC,9862.24
42317377910000,WFMPD,10232.2
42317377910000,CNYN,10485.5
42317377910000,STRN,10787.3
42317383440000,CLFK,5850.48
42317383440000,CLFKM,6173.42
42317383440000,CLFKL,6587.73
42317383440000,LNRD,6983.79
42317383440000,SPRB,7216.17
42317383440000,SPRBM,7486.94
42317383440000,SPRBL,7717.32
42317383440000,JMLL,8034.22
42317383440000,SPRBS,8095.1
42317383440000,DEAN,8542.31
42317383440000,WFMP,8761.25
42317383440000,WFMPB,8940.31
42317383440000,WFMPC,9165.93
42317383440000,WFMPD,9720.99
42317383440000,CNYN,9973.12
42317383440000,STRN,10350.9
42317384610000,DEAN,9237.29
42317384610000,WFMP,9375.6
42317384610000,WFMPB,9579.45
42317384610000,WFMPC,9761.69
42317384610000,WFMPD,10037.1
42317384610000,CNYN,10260.3
42317384610000,STRN,10506.4
42317384980000,SPRB,6953.68
42317384980000,SPRBM,7220.35
42317384980000,SPRBL,7442.57
42317384980000,JMLL,7767.01
42317384980000,SPRBS,7813.68
42317384980000,DEAN,8280.35
42317384980000,WFMP,8464.79
42317384980000,WFMPB,8629.24
42317384980000,WFMPC,8835.9
42317384980000,WFMPD,9231.46
42317384980000,CNYN,9469.24
42317391800000,CLFK,6477.37
42317391800000,CLFKM,6569.04
42317391800000,CLFKL,6889.89
42317391800000,LNRD,7129.48
42317391800000,SPRB,7381.58
42317391800000,SPRBM,7637.84
42317391800000,SPRBL,7887.85
42317391800000,JMLL,8173.28
42317391800000,SPRBS,8233.7
42317391800000,DEAN,8685.8
42317391800000,WFMP,8892.06
42317391800000,WFMPB,9125.4
42317391800000,WFMPC,9406.67
42317391800000,WFMPD,9746.26
42317391800000,CNYN,10000.4
42317391800000,STRN,10310.9
42317400620000,CLFK,6575.22
42317400620000,CLFKM,7061.06
42317400620000,CLFKL,7738.71
42317400620000,LNRD,8121.02
42317400620000,SPRB,8321.46
42317400620000,SPRBM,8638.71
42317400620000,SPRBL,8869.6
42317400620000,JMLL,9186.94
42317400620000,SPRBS,9241.11
42317400620000,DEAN,9613.16
42317400620000,WFMP,9838.25
42317400620000,WFMPB,9993.18
42317400620000,WFMPC,10169.1
42317400620000,WFMPD,10543.8
42317400620000,CNYN,10816
42317400620000,STRN,11069.2
42317400620000,STRNB,11268
42317400620000,ATOK,11364.6
42317400620000,PSLV,11504.5
42317400620000,PLVD,11556.7
42317400620000,PSLVL,11608.4
42317400620000,CSTR,11634.7
42317400640000,CLFK,6740.47
42317400640000,CLFKM,7231.77
42317400640000,CLFKL,7799.61
42317400640000,LNRD,8134.08
42317400640000,SPRB,8333.11
42317400640000,SPRBM,8631.78
42317400640000,SPRBL,8872.52
42317400640000,JMLL,9159.66
42317400640000,SPRBS,9231.36
42317400640000,DEAN,9576.31
42317400640000,WFMP,9730.38
42317400640000,WFMPB,9953.24
42317400640000,WFMPC,10139.4
42317400640000,WFMPD,10511
42317400640000,CNYN,10711.9
42317400640000,STRN,11016.7
42317400640000,STRNB,11193.7
42317400640000,ATOK,11289.5
42317400640000,PSLV,11449.1
42317400640000,PLVD,11604.5
42317400640000,PSLVL,11742.9
42329360050000,SPRB,8219.35
42329360050000,SPRBM,8494
42329360050000,SPRBL,8732.62
42329360050000,JMLL,8983.29
42329360050000,SPRBS,9053.47
42329360050000,DEAN,9438.45
42329360050000,WFMP,9531.17
42329360050000,WFMPB,9809.38
42329360050000,WFMPC,9978.87
42329360050000,WFMPD,10321.7
42329360050000,CNYN,10442.8
42329364360000,SPRB,8276.34
42329364360000,SPRBM,8494.05
42329364360000,SPRBL,8721.76
42329364360000,JMLL,8978.11
42329364360000,SPRBS,9047.07
42329364360000,DEAN,9397.4
42329364360000,WFMP,9519.98
42329364360000,WFMPB,9722.58
42329364360000,WFMPC,9942.67
42329364360000,WFMPD,10302.8
42329364360000,CNYN,10382.9
42329364360000,STRN,10649.3
42329368130000,SPRB,7255.74
42329368130000,SPRBM,7576.6
42329368130000,SPRBL,7953.7
42329368130000,JMLL,8241.33
42329368130000,SPRBS,8295.53
42329368130000,DEAN,8779.01
42329368130000,WFMP,8958.2
42329368130000,WFMPB,9322.86
42329368130000,WFMPC,9639.61
42329368130000,WFMPD,10216.6
42329368130000,CNYN,10333.5
42329368130000,STRN,10552
42329377400000,LNRD,7710.11
42329377400000,SPRB,7924.84
42329377400000,SPRBM,8130.14
42329377400000,SPRBL,8426.58
42329377400000,JMLL,8641.07
42329377400000,SPRBS,8654.47
42329377400000,DEAN,9000.12
42329377400000,WFMP,9096.96
42329377400000,WFMPB,9561.08
42329377400000,WFMPC,9703.68
42329377400000,WFMPD,9879.94
42329377400000,CNYN,9925.24
42329377400000,STRN,10135.9
42329383490000,SPRBL,8697.9
42329383490000,JMLL,8967.14
42329383490000,SPRBS,9041.5
42329383490000,DEAN,9371.38
42329383490000,WFMP,9497.92
42329383490000,WFMPB,9695.36
42329383490000,WFMPC,9869.72
42329383490000,WFMPD,10249.2
42329383490000,CNYN,10359.5
42329383490000,STRN,10608.8
42329386760000,WFMP,9497.54
42329386760000,WFMPB,9753.14
42329386760000,WFMPC,9891.32
42329386760000,WFMPD,10266.6
42329386760000,CNYN,10377.7
42329386760000,STRN,10631.1
42329392350000,SPRB,7378.82
42329392350000,SPRBM,7674.06
42329392350000,SPRBL,7977.23
42329392350000,JMLL,8261.36
42329392350000,SPRBS,8313.74
42329392350000,DEAN,8788.26
42329392350000,WFMP,8977.3
42329392350000,WFMPB,9329.61
42329392350000,WFMPC,9655.88
42329392350000,WFMPD,10377.2
42329392350000,CNYN,10505.8
42329392350000,STRN,10782
42329401000000,SPRB,7494.63
42329401000000,SPRBM,7798.94
42329401000000,SPRBL,8087.52
42329401000000,JMLL,8370.38
42329401000000,SPRBS,8417.52
42329401000000,DEAN,8891.82
42329401000000,WFMP,9086.18
42329401000000,WFMPB,9432.17
42329401000000,WFMPC,9646.07
42329401000000,WFMPD,10449
42329401000000,CNYN,10597.6
42329401000000,STRN,10863.3
42383368980000,LNRD,5790.24
42383368980000,SPRB,6113.81
42383368980000,SPRBM,6394.32
42383368980000,SPRBL,6689.46
42383368980000,JMLL,7063.61
42383368980000,SPRBS,7088.1
42383368980000,DEAN,7520.58
42383368980000,WFMP,7641.81
42383368980000,WFMPB,8034.36
42383368980000,WFMPC,8446.87
42383368980000,WFMPD,9599.98
42383368980000,CNYN,9989.42
42383368980000,STRN,10321.2
42383369140000,LNRD,4676.1
42383369140000,SPRB,5182.65
42383369140000,SPRBM,5426.41
42383369140000,SPRBL,5724.34
42383369140000,JMLL,6116.04
42383369140000,SPRBS,6141.04
42383369140000,DEAN,6619.21
42383369140000,WFMP,6729.64
42383369140000,WFMPB,7022.87
42383369140000,WFMPC,7493.28
42383369140000,WFMPD,8241.04
42383369140000,CNYN,8777.09
42383369140000,STRN,9119.14
42383373540000,LNRD,4418.63
42383373540000,SPRB,4960.49
42383373540000,SPRBM,5193.82
42383373540000,SPRBL,5500.08
42383373540000,JMLL,5891.75
42383373540000,SPRBS,5912.58
42383373540000,DEAN,6382.38
42383373540000,WFMP,6494.88
42383373540000,WFMPB,6774.1
42383373540000,WFMPC,7243.85
42383373540000,WFMPD,8016.11
42383373540000,CNYN,8588.12
42383375790000,LNRD,5150.61
42383375790000,SPRB,5479.36
42383375790000,SPRBM,5708.64
42383375790000,SPRBL,5972.06
42383375790000,JMLL,6319.79
42383375790000,SPRBS,6344.28
42383375790000,DEAN,6758.15
42383375790000,WFMP,6844.52
42383375790000,WFMPB,7203.36
42383377600000,LNRD,5191.4
42383377600000,SPRB,5552.51
42383377600000,SPRBM,5818.37
42383377600000,SPRBL,6128.13
42383377600000,JMLL,6492.27
42383377600000,SPRBS,6518.81
42383377600000,DEAN,6951.19
42383377600000,WFMP,7076.19
42383377600000,WFMPB,7417.38
42383377600000,WFMPC,7851.6
42383377600000,WFMPD,8904.78
42383377600000,CNYN,9400.08
42383382800000,LNRD,4972.54
42383382800000,SPRB,5364.42
42383382800000,SPRBM,5601.02
42383382800000,SPRBL,5881.52
42383382800000,JMLL,6259.97
42383382800000,SPRBS,6281.4
42383382800000,DEAN,6731.14
42383382800000,WFMP,6828.87
42383382800000,WFMPB,7195.34
42383382800000,WFMPC,7610.33
42383382800000,WFMPD,8669.73
42383382800000,CNYN,9115.39
42383382800000,STRN,9340.91
42383383520000,LNRD,6148.26
42383383520000,SPRB,6424.44
42383383520000,SPRBM,6664.72
42383383520000,SPRBL,7012.37
42383383520000,JMLL,7307.57
42383383520000,SPRBS,7343.06
42383383520000,DEAN,7822.88
42383383520000,WFMP,8010.09
42383383520000,WFMPB,8360.93
42383383520000,WFMPC,8692.02
42383383520000,WFMPD,9818.27
42383383520000,CNYN,9994.39
42383383520000,STRN,10229.6
42383383980000,LNRD,5205.59
42383383980000,SPRB,5492.43
42383383980000,SPRBM,5743.65
42383383980000,SPRBL,6033.89
42383383980000,JMLL,6405.57
42383383980000,SPRBS,6429.04
42383383980000,DEAN,6857.48
42383383980000,WFMP,6984.75
42383383980000,WFMPB,7302.27
42383383980000,WFMPC,7699.23
42383383980000,WFMPD,8824.34
42383383980000,CNYN,9154.17
42383383980000,STRN,9394.1
42383389530000,WFMPC,8415.41
42383389680000,LNRD,6095.03
42383389680000,SPRB,6363.17
42383389680000,SPRBM,6593.29
42383389680000,SPRBL,6945.76
42383389680000,JMLL,7236.08
42383389680000,SPRBS,7273.94
42383389680000,DEAN,7769.18
42383389680000,WFMP,7927.5
42383389680000,WFMPB,8280.68
42383389680000,WFMPC,8655.34
42383389680000,WFMPD,9577.14
42383389680000,CNYN,9889.48
42413328660000,DEAN,4922.58
42413328660000,WFMP,5021.76
42413329190000,WFMP,5284.69
42461357830000,CLFK,6268.79
42461357830000,LNRD,6868.83
42461357830000,SPRB,7134.81
42461357830000,SPRBM,7338.14
42461357830000,SPRBL,7689.04
42461357830000,JMLL,7918.58
42461357830000,SPRBS,7936.62
42461357830000,DEAN,8331.63
42461357830000,WFMP,8417.35
42461357830000,WFMPB,8776.93
42461357830000,WFMPC,9024.52
42461357830000,WFMPD,9395.65
42461357830000,CNYN,9685.16
42461357830000,STRN,9838.18
42461370590000,CLFK,7083.05
42461370590000,CLFKM,7112.78
42461370590000,LNRD,7616.23
42461370590000,SPRB,7853.82
42461370590000,SPRBM,8124.26
42461370590000,SPRBL,8412.85
42461370590000,JMLL,8645.36
42461370590000,SPRBS,8690
42461376670000,CLFK,5778.35
42461376670000,LNRD,6373.1
42461376670000,SPRB,6586.26
42461376670000,SPRBM,6802.62
42461376670000,SPRBL,7080.29
42461376670000,JMLL,7372.31
42461376670000,SPRBS,7394
42461376670000,DEAN,7802.32
42461376670000,WFMP,7934.26
42461376670000,WFMPB,8292.8
42461376670000,WFMPC,8487.25
42461376670000,WFMPD,8883.54
42461376670000,CNYN,9217.76
42461376670000,STRN,9377.6
42461379380000,CLFK,6803.52
42461379380000,CLFKM,6832.02
42461379380000,LNRD,7420.26
42461379380000,SPRB,7668.35
42461379380000,SPRBM,7966.82
42461379380000,SPRBL,8259.62
42461379380000,JMLL,8520.84
42461379380000,SPRBS,8571.44
42461379380000,DEAN,9000.92
42461379380000,WFMP,9120.05
42461379380000,WFMPB,9408.33
42461379380000,WFMPC,9820.66
42461379380000,WFMPD,10320.4
42461379380000,CNYN,10455.7
42461379380000,STRN,10692.5
42461379560000,LNRD,6197.61
42461379560000,SPRB,6368.59
42461379560000,SPRBM,6580.83
42461379560000,SPRBL,6797.99
42461379560000,JMLL,7069.35
42461379560000,SPRBS,7088.64
42461379560000,DEAN,7542.36
42461379560000,WFMP,7646.22
42461379560000,WFMPB,8018.55
42461383170000,CLFK,6915.68
42461383170000,CLFKM,6940.68
42461383170000,LNRD,7500.04
42461383170000,SPRB,7736.94
42461383170000,SPRBM,8000.04
42461383170000,SPRBL,8318.64
42461383170000,JMLL,8551.15
42461383170000,SPRBS,8593.94
42461383170000,DEAN,8965.96
42461383170000,WFMP,9066.41
42461383170000,WFMPB,9347.68
42461383170000,WFMPC,9755.31
42461383170000,WFMPD,10020.5
42461383170000,CNYN,10230.8
42461383170000,STRN,10450.3
42461386130000,SPRB,7435.31
42461386130000,SPRBM,7683.7
42461386130000,SPRBL,8075.63
42461386130000,JMLL,8330.48
42461386130000,SPRBS,8367.57
42461386130000,DEAN,8743.38
42461386130000,WFMP,8915.96
42461386130000,WFMPB,9109.51
42461386130000,WFMPC,9407.9
42461386130000,WFMPD,9754.68
42461386130000,CNYN,9962.75
42461387930000,WFMP,8965.21
42461387930000,WFMPB,9231.23
42461387930000,WFMPC,9617.74